<?xml version="1.0" encoding="UTF-8"?>
<!DOCTYPE mapper
        PUBLIC "-//mybatis.org//DTD Mapper 3.0//EN"
        "http://mybatis.org/dtd/mybatis-3-mapper.dtd">
<mapper namespace="zhijianhu.entity.mapper.UsersMapper">

    <resultMap id="BaseResultMap" type="zhijianhu.entity.Users">
            <id property="id" column="id" jdbcType="INTEGER"/>
            <result property="username" column="username" jdbcType="VARCHAR"/>
            <result property="name" column="name" jdbcType="VARCHAR"/>
            <result property="password" column="password" jdbcType="VARCHAR"/>
            <result property="cardId" column="card_id" jdbcType="CHAR"/>
            <result property="phone" column="phone" jdbcType="CHAR"/>
            <result property="image" column="image" jdbcType="VARCHAR"/>
            <result property="status" column="status" jdbcType="TINYINT"/>
            <result property="confine" column="confine" jdbcType="TINYINT"/>
            <result property="gender" column="gender" jdbcType="TINYINT"/>
            <result property="role" column="role" jdbcType="TINYINT"/>
            <result property="regTime" column="reg_time" jdbcType="TIMESTAMP"/>
            <result property="lastLogin" column="last_login" jdbcType="TIMESTAMP"/>
            <result property="address" column="address" jdbcType="VARCHAR"/>
            <result property="violationReason" column="violation_reason" jdbcType="VARCHAR"/>
    </resultMap>

    <sql id="Base_Column_List">
        id,username,name,
        password,card_id,phone,
        image,status,confine,
        gender,role,reg_time,
        last_login,address,violation_reason
    </sql>
</mapper>
